{
  "_fv": 47,
  "_type": "dimension",
  "definition": {
    "biomesInDimension": [
      {
        "value": "badlands"
      }
    ],
    "worldGenType": "Nether like gen",
    "mainFillerBlock": {
      "value": "CUSTOM:Happinessflower"
    },
    "fluidBlock": {
      "value": "Blocks.BUBBLE_COLUMN"
    },
    "canRespawnHere": false,
    "hasFog": false,
    "isDark": false,
    "doesWaterVaporize": false,
    "sleepResult": "ALLOW",
    "hasSkyLight": true,
    "imitateOverworldBehaviour": false,
    "portalFrame": {
      "value": "Blocks.LEAVES#0"
    },
    "portalParticles": {
      "value": "PORTAL"
    },
    "portalLuminance": 5,
    "portalSound": {
      "value": "CUSTOM:piano_classic"
    },
    "enableIgniter": false,
    "igniterName": "c3",
    "specialInfo": [
      "c3 is a reference to c418 cause of the first 2 numbers and letters"
    ],
    "igniterTab": {
      "value": "TOOLS"
    },
    "texture": "c3",
    "portalTexture": "gfrtgd",
    "enablePortal": true
  }
}