{
  "_fv": 47,
  "_type": "plant",
  "definition": {
    "renderType": 13,
    "texture": "not_made_of_pee",
    "textureBottom": "",
    "customModelName": "Crop model",
    "itemTexture": "",
    "particleTexture": "",
    "tintType": "No tint",
    "isItemTinted": false,
    "plantType": "normal",
    "suspiciousStewEffect": "HASTE",
    "suspiciousStewDuration": 69,
    "growapableSpawnType": "Plains",
    "growapableMaxHeight": 3,
    "customBoundingBox": false,
    "disableOffset": false,
    "boundingBoxes": [
      {
        "mx": 0.0,
        "my": 0.0,
        "mz": 0.0,
        "Mx": 16.0,
        "My": 16.0,
        "Mz": 16.0,
        "subtract": false
      }
    ],
    "name": "Happinessflower",
    "specialInfo": [
      "it smiles"
    ],
    "creativeTab": {
      "value": "CUSTOM:Mastercraft"
    },
    "hardness": 0.0,
    "resistance": 0.0,
    "luminance": 0,
    "unbreakable": false,
    "isSolid": false,
    "isCustomSoundType": false,
    "soundOnStep": {
      "value": "PLANT"
    },
    "breakSound": {
      "value": ""
    },
    "stepSound": {
      "value": ""
    },
    "placeSound": {
      "value": ""
    },
    "hitSound": {
      "value": ""
    },
    "fallSound": {
      "value": ""
    },
    "useLootTableForDrops": false,
    "customDrop": {
      "value": ""
    },
    "dropAmount": 1,
    "forceTicking": false,
    "emissiveRendering": false,
    "hasTileEntity": false,
    "isReplaceable": false,
    "colorOnMap": "DEFAULT",
    "creativePickItem": {
      "value": ""
    },
    "offsetType": "XZ",
    "aiPathNodeType": "DEFAULT",
    "flammability": 100,
    "fireSpreadSpeed": 60,
    "jumpFactor": 1.0,
    "speedFactor": 1.0,
    "canBePlacedOn": [],
    "isBonemealable": false,
    "frequencyOnChunks": 5,
    "spawnWorldTypes": [
      "Surface"
    ],
    "restrictionBiomes": [],
    "generationType": "Flower",
    "patchSize": 64,
    "generateAtAnyHeight": false
  }
}